SKU,Make,Model,Year,Trim,Engine
GRH 371954,2005,Honda,Pilot,EX Sport Utility 4-Door,3.5L 3471CC V6 GAS SOHC Naturally Aspirated
GRH 371954,2005,Honda,Pilot,LX Sport Utility 4-Door,3.5L 3471CC V6 GAS SOHC Naturally Aspirated
GRH 371954,2004,Honda,Pilot,EX Sport Utility 4-Door,3.5L 3475CC V6 GAS SOHC Naturally Aspirated
GRH 371954,2004,Honda,Pilot,LX Sport Utility 4-Door,3.5L 3475CC V6 GAS SOHC Naturally Aspirated
GRH 371954,2003,Honda,Pilot,LX Sport Utility 4-Door,3.5L 3475CC V6 GAS SOHC Naturally Aspirated
GRH 371954,2003,Honda,Pilot,EX Sport Utility 4-Door,3.5L 3475CC V6 GAS SOHC Naturally Aspirated
GRH 4335PS,2006,Nissan,Xterra,X Sport Utility 4-Door,4.0L 3954CC V6 GAS DOHC Naturally Aspirated
GRH 4335PS,2013,Nissan,Xterra,X Sport Utility 4-Door,4.0L 3954CC V6 GAS DOHC Naturally Aspirated
GRH 4335PS,2005,Nissan,Xterra,S Sport Utility 4-Door,4.0L 3954CC V6 GAS DOHC Naturally Aspirated
GRH 4335PS,2011,Nissan,Xterra,SV Sport Utility 4-Door,4.0L 3954CC V6 GAS DOHC Naturally Aspirated
GRH 4335PS,2005,Nissan,Xterra,SE Sport Utility 4-Door,4.0L 3954CC V6 GAS DOHC Naturally Aspirated
GRH 4335PS,2008,Nissan,Xterra,SE Sport Utility 4-Door,4.0L 3954CC V6 GAS DOHC Naturally Aspirated
GRH 4335PS,2009,Nissan,Xterra,Off-Road Sport Utility 4-Door,4.0L 3954CC V6 GAS DOHC Naturally Aspirated
GRH 4335PS,2007,Nissan,Xterra,X Sport Utility 4-Door,4.0L 3954CC V6 GAS DOHC Naturally Aspirated
GRH 4335PS,2009,Nissan,Xterra,X Sport Utility 4-Door,4.0L 3954CC V6 GAS DOHC Naturally Aspirated
GRH 4335PS,2010,Nissan,Xterra,SE Sport Utility 4-Door,4.0L 3954CC V6 GAS DOHC Naturally Aspirated
GRH 4335PS,2011,Nissan,Xterra,S Sport Utility 4-Door,4.0L 3954CC V6 GAS DOHC Naturally Aspirated
GRH 4335PS,2006,Nissan,Xterra,Off-Road Sport Utility 4-Door,4.0L 3954CC V6 GAS DOHC Naturally Aspirated
GRH 4335PS,2012,Nissan,Xterra,X Sport Utility 4-Door,4.0L 3954CC V6 GAS DOHC Naturally Aspirated
GRH 4335PS,2006,Nissan,Xterra,S Sport Utility 4-Door,4.0L 3954CC V6 GAS DOHC Naturally Aspirated
GRH 4335PS,2011,Nissan,Xterra,X Sport Utility 4-Door,4.0L 3954CC V6 GAS DOHC Naturally Aspirated
GRH 4335PS,2012,Nissan,Xterra,SV Sport Utility 4-Door,4.0L 3954CC V6 GAS DOHC Naturally Aspirated
GRH 4335PS,2009,Nissan,Xterra,SE Sport Utility 4-Door,4.0L 3954CC V6 GAS DOHC Naturally Aspirated
GRH 4335PS,2008,Nissan,Xterra,S Sport Utility 4-Door,4.0L 3954CC V6 GAS DOHC Naturally Aspirated
GRH 4335PS,2005,Nissan,Xterra,Off-Road Sport Utility 4-Door,2.5L 2500CC l4 GAS DOHC Naturally Aspirated
GRH 4335PS,2005,Nissan,Xterra,Off-Road Sport Utility 4-Door,4.0L 3954CC V6 GAS DOHC Naturally Aspirated
GRH 4335PS,2007,Nissan,Xterra,Off-Road Sport Utility 4-Door,4.0L 3954CC V6 GAS DOHC Naturally Aspirated
GRH 4335PS,2007,Nissan,Xterra,SE Sport Utility 4-Door,4.0L 3954CC V6 GAS DOHC Naturally Aspirated
GRH 4335PS,2012,Nissan,Xterra,S Sport Utility 4-Door,4.0L 3954CC V6 GAS DOHC Naturally Aspirated
GRH 4335PS,2010,Nissan,Xterra,Off-Road Sport Utility 4-Door,4.0L 3954CC V6 GAS DOHC Naturally Aspirated
GRH 4335PS,2009,Nissan,Xterra,S Sport Utility 4-Door,4.0L 3954CC V6 GAS DOHC Naturally Aspirated
GRH 4335PS,2013,Nissan,Xterra,S Sport Utility 4-Door,4.0L 3954CC V6 GAS DOHC Naturally Aspirated
GRH 4335PS,2006,Nissan,Xterra,SE Sport Utility 4-Door,4.0L 3954CC V6 GAS DOHC Naturally Aspirated
GRH 4335PS,2013,Nissan,Xterra,PRO-4X Sport Utility 4-Door,4.0L 3954CC V6 GAS DOHC Naturally Aspirated
GRH 4335PS,2010,Nissan,Xterra,S Sport Utility 4-Door,4.0L 3954CC V6 GAS DOHC Naturally Aspirated
GRH 4335PS,2008,Nissan,Xterra,X Sport Utility 4-Door,4.0L 3954CC V6 GAS DOHC Naturally Aspirated
GRH 4335PS,2010,Nissan,Xterra,X Sport Utility 4-Door,4.0L 3954CC V6 GAS DOHC Naturally Aspirated
GRH 4335PS,2007,Nissan,Xterra,S Sport Utility 4-Door,4.0L 3954CC V6 GAS DOHC Naturally Aspirated
GRH 4335PS,2011,Nissan,Xterra,PRO-4X Sport Utility 4-Door,4.0L 3954CC V6 GAS DOHC Naturally Aspirated
GRH 4335PS,2012,Nissan,Xterra,PRO-4X Sport Utility 4-Door,4.0L 3954CC V6 GAS DOHC Naturally Aspirated
GRH 4354C,1991,Nissan,D21,Base Standard Cab Pickup 2-Door,2.4L 2389CC l4 GAS SOHC Naturally Aspirated
GRH 4354C,1994,Nissan,D21,Base Standard Cab Pickup 2-Door,2.4L 2389CC l4 GAS SOHC Naturally Aspirated
GRH 4354C,1988,Nissan,D21,E Standard Cab Pickup 2-Door,3.0L 2960CC V6 GAS SOHC Naturally Aspirated
GRH 4354C,1989,Nissan,D21,E Standard Cab Pickup 2-Door,2.4L 2389CC l4 GAS SOHC Naturally Aspirated
GRH 4354C,1987,Nissan,D21,Base Standard Cab Pickup 2-Door,2.4L 2389CC l4 GAS SOHC Naturally Aspirated
GRH 4354C,1990,Nissan,D21,Base Standard Cab Pickup 2-Door,3.0L 2960CC 181Cu. In. V6 GAS SOHC Naturally Aspirated
GRH 4354C,1992,Nissan,D21,Base Standard Cab Pickup 2-Door,2.4L 2389CC l4 GAS SOHC Naturally Aspirated
GRH 4354C,1987,Nissan,D21,E Standard Cab Pickup 2-Door,2.4L 2389CC l4 GAS SOHC Naturally Aspirated
GRH 4354C,1988,Nissan,D21,SE Standard Cab Pickup 2-Door,3.0L 2960CC V6 GAS SOHC Naturally Aspirated
GRH 4354C,1986,Nissan,D21,E Standard Cab Pickup 2-Door,2.4L 2389CC l4 GAS SOHC Naturally Aspirated
GRH 4354C,1994,Nissan,D21,XE Standard Cab Pickup 2-Door,2.4L 2389CC l4 GAS SOHC Naturally Aspirated
GRH 4354C,1987,Nissan,D21,E Standard Cab Pickup 2-Door,3.0L 2960CC V6 GAS SOHC Naturally Aspirated
GRH 4354C,1986,Nissan,D21,Base Standard Cab Pickup 2-Door,2.4L 2389CC l4 GAS SOHC Naturally Aspirated
GRH 4354C,1994,Nissan,D21,XE Standard Cab Pickup 2-Door,3.0L 2960CC 181Cu. In. V6 GAS SOHC Naturally Aspirated
GRH 4354C,1989,Nissan,D21,SE Standard Cab Pickup 2-Door,3.0L 2960CC V6 GAS SOHC Naturally Aspirated
GRH 4354C,1992,Nissan,D21,Base Standard Cab Pickup 2-Door,3.0L 2960CC 181Cu. In. V6 GAS SOHC Naturally Aspirated
GRH 4354C,1993,Nissan,D21,Base Standard Cab Pickup 2-Door,2.4L 2389CC l4 GAS SOHC Naturally Aspirated
GRH 4354C,1989,Nissan,D21,E Standard Cab Pickup 2-Door,3.0L 2960CC V6 GAS SOHC Naturally Aspirated
GRH 4354C,1991,Nissan,D21,Base Standard Cab Pickup 2-Door,3.0L 2960CC 181Cu. In. V6 GAS SOHC Naturally Aspirated
GRH 4354C,1986,Nissan,D21,XE Standard Cab Pickup 2-Door,2.4L 2389CC l4 GAS SOHC Naturally Aspirated
GRH 4354C,1987,Nissan,D21,XE Standard Cab Pickup 2-Door,2.4L 2389CC l4 GAS SOHC Naturally Aspirated
GRH 4354C,1990,Nissan,D21,Base Standard Cab Pickup 2-Door,2.4L 2389CC l4 GAS SOHC Naturally Aspirated
GRH 4354C,1993,Nissan,D21,Base Standard Cab Pickup 2-Door,3.0L 2960CC 181Cu. In. V6 GAS SOHC Naturally Aspirated
GRH 4354C,1987,Nissan,D21,SE Standard Cab Pickup 2-Door,3.0L 2960CC V6 GAS SOHC Naturally Aspirated
GRH 4354C,1986,Nissan,D21,E Standard Cab Pickup 2-Door,3.0L 2960CC V6 GAS SOHC Naturally Aspirated
GRH 4354C,1988,Nissan,D21,E Standard Cab Pickup 2-Door,2.4L 2389CC l4 GAS SOHC Naturally Aspirated
GRH 4354C,1989,Nissan,D21,Base Standard Cab Pickup 2-Door,2.4L 2389CC l4 GAS SOHC Naturally Aspirated
GRH 4354C,1986,Nissan,D21,SE Standard Cab Pickup 2-Door,3.0L 2960CC V6 GAS SOHC Naturally Aspirated
GRH 4354C,1988,Nissan,D21,Base Standard Cab Pickup 2-Door,2.4L 2389CC l4 GAS SOHC Naturally Aspirated
GRH 4354C,1994,Nissan,D21,Base Standard Cab Pickup 2-Door,3.0L 2960CC 181Cu. In. V6 GAS SOHC Naturally Aspirated
GRH 4408B,2007,Toyota,RAV4,Base Sport Utility 4-Door,3.5L 3456CC V6 GAS DOHC Naturally Aspirated
GRH 4408B,2006,Toyota,RAV4,Limited Sport Utility 4-Door,3.5L 3456CC V6 GAS DOHC Naturally Aspirated
GRH 4408B,2011,Toyota,RAV4,Limited Sport Utility 4-Door,2.5L 2494CC 152Cu. In. l4 GAS DOHC Naturally Aspirated
GRH 4408B,2009,Toyota,RAV4,Base Sport Utility 4-Door,3.5L 3456CC V6 GAS DOHC Naturally Aspirated
GRH 4408B,2010,Toyota,RAV4,Limited Sport Utility 4-Door,2.5L 2494CC 152Cu. In. l4 GAS DOHC Naturally Aspirated
GRH 4408B,2008,Toyota,RAV4,Sport Sport Utility 4-Door,3.5L 3456CC V6 GAS DOHC Naturally Aspirated
GRH 4408B,2008,Toyota,RAV4,Base Sport Utility 4-Door,2.4L 2362CC l4 GAS DOHC Naturally Aspirated
GRH 4408B,2012,Toyota,RAV4,Limited Sport Utility 4-Door,3.5L 3456CC V6 GAS DOHC Naturally Aspirated
GRH 4408B,2011,Toyota,RAV4,Base Sport Utility 4-Door,2.5L 2500CC 153Cu. In. l4 GAS DOHC Naturally Aspirated
GRH 4408B,2009,Toyota,RAV4,Limited Sport Utility 4-Door,2.5L 2494CC 152Cu. In. l4 GAS DOHC Naturally Aspirated
GRH 4408B,2010,Toyota,RAV4,Limited Sport Utility 4-Door,3.5L 3456CC V6 GAS DOHC Naturally Aspirated
GRH 4408B,2007,Toyota,RAV4,Sport Sport Utility 4-Door,2.4L 2362CC l4 GAS DOHC Naturally Aspirated
GRH 4408B,2008,Toyota,RAV4,Base Sport Utility 4-Door,3.5L 3456CC V6 GAS DOHC Naturally Aspirated
GRH 4408B,2012,Toyota,RAV4,Base Sport Utility 4-Door,2.5L 2494CC 152Cu. In. l4 GAS DOHC Naturally Aspirated
GRH 4408B,2010,Toyota,RAV4,Base Sport Utility 4-Door,2.5L 2500CC 153Cu. In. l4 GAS DOHC Naturally Aspirated
GRH 4408B,2006,Toyota,RAV4,Base Sport Utility 4-Door,2.4L 2362CC l4 GAS DOHC Naturally Aspirated
GRH 4408B,2006,Toyota,RAV4,Sport Sport Utility 4-Door,3.5L 3456CC V6 GAS DOHC Naturally Aspirated
GRH 4408B,2011,Toyota,RAV4,Limited Sport Utility 4-Door,3.5L 3456CC V6 GAS DOHC Naturally Aspirated
GRH 4408B,2010,Toyota,RAV4,Sport Sport Utility 4-Door,2.5L 2500CC 153Cu. In. l4 GAS DOHC Naturally Aspirated
GRH 4408B,2008,Toyota,RAV4,Limited Sport Utility 4-Door,2.4L 2362CC l4 GAS DOHC Naturally Aspirated
GRH 4408B,2009,Toyota,RAV4,Limited Sport Utility 4-Door,3.5L 3456CC V6 GAS DOHC Naturally Aspirated
GRH 4408B,2012,Toyota,RAV4,Sport Sport Utility 4-Door,2.5L 2494CC 152Cu. In. l4 GAS DOHC Naturally Aspirated
GRH 4408B,2012,Toyota,RAV4,EV Sport Utility 4-Door,ELECTRIC
GRH 4408B,2006,Toyota,RAV4,Sport Sport Utility 4-Door,2.4L 2362CC l4 GAS DOHC Naturally Aspirated
GRH 4408B,2007,Toyota,RAV4,Sport Sport Utility 4-Door,3.5L 3456CC V6 GAS DOHC Naturally Aspirated
GRH 4408B,2011,Toyota,RAV4,Base Sport Utility 4-Door,2.5L 2494CC 152Cu. In. l4 GAS DOHC Naturally Aspirated
GRH 4408B,2012,Toyota,RAV4,Base Sport Utility 4-Door,3.5L 3456CC V6 GAS DOHC Naturally Aspirated
GRH 4408B,2010,Toyota,RAV4,Base Sport Utility 4-Door,2.5L 2494CC 152Cu. In. l4 GAS DOHC Naturally Aspirated
GRH 4408B,2006,Toyota,RAV4,Base Sport Utility 4-Door,3.5L 3456CC V6 GAS DOHC Naturally Aspirated
GRH 4408B,2007,Toyota,RAV4,Limited Sport Utility 4-Door,2.4L 2362CC l4 GAS DOHC Naturally Aspirated
GRH 4408B,2008,Toyota,RAV4,Limited Sport Utility 4-Door,3.5L 3456CC V6 GAS DOHC Naturally Aspirated
GRH 4408B,2011,Toyota,RAV4,Sport Sport Utility 4-Door,2.5L 2494CC 152Cu. In. l4 GAS DOHC Naturally Aspirated
GRH 4408B,2012,Toyota,RAV4,Sport Sport Utility 4-Door,3.5L 3456CC V6 GAS DOHC Naturally Aspirated
GRH 4408B,2006,Toyota,RAV4,Limited Sport Utility 4-Door,2.4L 2362CC l4 GAS DOHC Naturally Aspirated
GRH 4408B,2010,Toyota,RAV4,Sport Sport Utility 4-Door,2.5L 2494CC 152Cu. In. l4 GAS DOHC Naturally Aspirated
GRH 4408B,2011,Toyota,RAV4,Base Sport Utility 4-Door,3.5L 3456CC V6 GAS DOHC Naturally Aspirated
GRH 4408B,2010,Toyota,RAV4,Base Sport Utility 4-Door,3.5L 3456CC V6 GAS DOHC Naturally Aspirated
GRH 4408B,2012,Toyota,RAV4,Sport Sport Utility 4-Door,3.5L 3500CC 214Cu. In. V6 GAS DOHC Naturally Aspirated
GRH 4408B,2009,Toyota,RAV4,Sport Sport Utility 4-Door,2.5L 2494CC 152Cu. In. l4 GAS DOHC Naturally Aspirated
GRH 4408B,2010,Toyota,RAV4,Sport Sport Utility 4-Door,3.5L 3500CC 214Cu. In. V6 GAS DOHC Naturally Aspirated
GRH 4408B,2007,Toyota,RAV4,Limited Sport Utility 4-Door,3.5L 3456CC V6 GAS DOHC Naturally Aspirated
GRH 4408B,2012,Toyota,RAV4,Base Sport Utility 4-Door,2.5L 2500CC 153Cu. In. l4 GAS DOHC Naturally Aspirated
GRH 4408B,2008,Toyota,RAV4,Sport Sport Utility 4-Door,2.4L 2362CC l4 GAS DOHC Naturally Aspirated
GRH 4408B,2009,Toyota,RAV4,Sport Sport Utility 4-Door,3.5L 3456CC V6 GAS DOHC Naturally Aspirated
GRH 4408B,2012,Toyota,RAV4,Limited Sport Utility 4-Door,2.5L 2494CC 152Cu. In. l4 GAS DOHC Naturally Aspirated
GRH 4408B,2011,Toyota,RAV4,Sport Sport Utility 4-Door,2.5L 2500CC 153Cu. In. l4 GAS DOHC Naturally Aspirated
GRH 4408B,2011,Toyota,RAV4,Sport Sport Utility 4-Door,3.5L 3456CC V6 GAS DOHC Naturally Aspirated
GRH 4408B,2007,Toyota,RAV4,Base Sport Utility 4-Door,2.4L 2362CC l4 GAS DOHC Naturally Aspirated
GRH 4408B,2010,Toyota,RAV4,Sport Sport Utility 4-Door,3.5L 3456CC V6 GAS DOHC Naturally Aspirated
GRH 4408B,2009,Toyota,RAV4,Base Sport Utility 4-Door,2.5L 2494CC 152Cu. In. l4 GAS DOHC Naturally Aspirated
GRH 4408B,2012,Toyota,RAV4,Sport Sport Utility 4-Door,2.5L 2500CC 153Cu. In. l4 GAS DOHC Naturally Aspirated
GRH 4441B,2001,Toyota,RAV4,Base Sport Utility 4-Door,ELECTRIC
GRH 4441B,2004,Toyota,RAV4,Base Sport Utility 4-Door,2.4L 2362CC l4 GAS DOHC Naturally Aspirated
GRH 4441B,2005,Toyota,RAV4,Base Sport Utility 4-Door,2.4L 2362CC l4 GAS DOHC Naturally Aspirated
GRH 4441B,2002,Toyota,RAV4,Base Sport Utility 4-Door,2.0L 1998CC 122Cu. In. l4 GAS DOHC Naturally Aspirated
GRH 4441B,2005,Toyota,RAV4,Sport Sport Utility 4-Door,2.4L 2362CC l4 GAS DOHC Naturally Aspirated
GRH 4441B,2002,Toyota,RAV4,Base Sport Utility 4-Door,ELECTRIC
GRH 4441B,2001,Toyota,RAV4,Base Sport Utility 4-Door,2.0L 1998CC 122Cu. In. l4 GAS DOHC Naturally Aspirated
GRH 4441B,2003,Toyota,RAV4,Base Sport Utility 4-Door,ELECTRIC
GRH 4441B,2005,Toyota,RAV4,L Sport Utility 4-Door,2.4L 2362CC l4 GAS DOHC Naturally Aspirated
GRH 4441B,2003,Toyota,RAV4,Base Sport Utility 4-Door,2.0L 1998CC 122Cu. In. l4 GAS DOHC Naturally Aspirated
GRH 641126PS,2011,Ford,F-150,STX Extended Cab Pickup 4-Door,5.0L 4951CC 302Cu. In. V8 FLEX DOHC Naturally Aspirated
GRH 641126PS,2011,Ford,F-150,XL Extended Cab Pickup 4-Door,5.0L 4951CC 302Cu. In. V8 FLEX DOHC Naturally Aspirated
GRH 641126PS,2011,Ford,F-150,XL Extended Cab Pickup 4-Door,3.5L 3496CC 213Cu. In. V6 GAS DOHC Turbocharged
GRH 641126PS,2010,Ford,F-150,FX2 Extended Cab Pickup 4-Door,4.6L 281Cu. In. V8 GAS SOHC Naturally Aspirated
GRH 641126PS,2010,Ford,F-150,SVT Raptor Extended Cab Pickup 4-Door,6.2L 6210CC 379Cu. In. V8 GAS SOHC Naturally Aspirated
GRH 641126PS,2010,Ford,F-150,XL Extended Cab Pickup 4-Door,5.4L 330Cu. In. V8 FLEX SOHC Naturally Aspirated
GRH 641126PS,2011,Ford,F-150,FX4 Extended Cab Pickup 4-Door,3.5L 3496CC 213Cu. In. V6 GAS DOHC Turbocharged
GRH 641126PS,2010,Ford,F-150,XLT Extended Cab Pickup 4-Door,4.6L 281Cu. In. V8 GAS SOHC Naturally Aspirated
GRH 641126PS,2011,Ford,F-150,Lariat Extended Cab Pickup 4-Door,6.2L 6210CC 379Cu. In. V8 GAS SOHC Naturally Aspirated
GRH 641126PS,2011,Ford,F-150,Lariat Extended Cab Pickup 4-Door,3.5L 3496CC 213Cu. In. V6 GAS DOHC Turbocharged
GRH 641126PS,2012,Ford,F-150,Lariat Extended Cab Pickup 4-Door,3.5L 3496CC 213Cu. In. V6 GAS DOHC Turbocharged
GRH 641126PS,2013,Ford,F-150,XL Extended Cab Pickup 4-Door,5.0L 4951CC 302Cu. In. V8 FLEX DOHC Naturally Aspirated
GRH 641126PS,2014,Ford,F-150,XL Extended Cab Pickup 4-Door,3.5L 3496CC 213Cu. In. V6 GAS DOHC Turbocharged
GRH 641126PS,2012,Ford,F-150,STX Extended Cab Pickup 4-Door,3.7L 3726CC 227Cu. In. V6 FLEX DOHC Naturally Aspirated
GRH 641126PS,2013,Ford,F-150,XL Extended Cab Pickup 4-Door,3.7L 3726CC 227Cu. In. V6 FLEX DOHC Naturally Aspirated
GRH 641126PS,2014,Ford,F-150,XL Extended Cab Pickup 4-Door,3.7L 3726CC 227Cu. In. V6 LPG DOHC Naturally Aspirated
GRH 641126PS,2012,Ford,F-150,SVT Raptor Extended Cab Pickup 4-Door,6.2L 6210CC 379Cu. In. V8 GAS SOHC Naturally Aspirated
GRH 641126PS,2013,Ford,F-150,XLT Extended Cab Pickup 4-Door,5.0L 4951CC 302Cu. In. V8 FLEX DOHC Naturally Aspirated
GRH 641126PS,2012,Ford,F-150,XL Extended Cab Pickup 4-Door,3.7L 3726CC 227Cu. In. V6 FLEX DOHC Naturally Aspirated
GRH 641126PS,2014,Ford,F-150,XLT Extended Cab Pickup 4-Door,3.5L 3496CC 213Cu. In. V6 GAS DOHC Turbocharged
GRH 641126PS,2013,Ford,F-150,XLT Extended Cab Pickup 4-Door,3.7L 3726CC 227Cu. In. V6 FLEX DOHC Naturally Aspirated
GRH 641126PS,2014,Ford,F-150,FX2 Extended Cab Pickup 4-Door,6.2L 6210CC 379Cu. In. V8 GAS SOHC Naturally Aspirated
GRH 641126PS,2012,Ford,F-150,XLT Extended Cab Pickup 4-Door,3.7L 3726CC 227Cu. In. V6 FLEX DOHC Naturally Aspirated
GRH 641126PS,2014,Ford,F-150,XLT Extended Cab Pickup 4-Door,3.7L 3726CC 227Cu. In. V6 LPG DOHC Naturally Aspirated
GRH 641126PS,2013,Ford,F-150,FX4 Extended Cab Pickup 4-Door,5.0L 4951CC 302Cu. In. V8 FLEX DOHC Naturally Aspirated
GRH 641126PS,2011,Ford,F-150,XLT Extended Cab Pickup 4-Door,5.0L 4951CC 302Cu. In. V8 FLEX DOHC Naturally Aspirated
GRH 641126PS,2013,Ford,F-150,FX4 Extended Cab Pickup 4-Door,3.5L 3496CC 213Cu. In. V6 GAS DOHC Turbocharged
GRH 641126PS,2011,Ford,F-150,XLT Extended Cab Pickup 4-Door,3.5L 3496CC 213Cu. In. V6 GAS DOHC Turbocharged
GRH 641126PS,2013,Ford,F-150,Lariat Extended Cab Pickup 4-Door,3.5L 3496CC 213Cu. In. V6 GAS DOHC Turbocharged
GRH 641126PS,2012,Ford,F-150,FX2 Extended Cab Pickup 4-Door,3.5L 3496CC 213Cu. In. V6 GAS DOHC Turbocharged
GRH 641126PS,2012,Ford,F-150,FX4 Extended Cab Pickup 4-Door,5.0L 4951CC 302Cu. In. V8 FLEX DOHC Naturally Aspirated
GRH 641126PS,2012,Ford,F-150,Lariat Extended Cab Pickup 4-Door,5.0L 4951CC 302Cu. In. V8 FLEX DOHC Naturally Aspirated
GRH 641126PS,2013,Ford,F-150,SVT Raptor Extended Cab Pickup 4-Door,6.2L 6210CC 379Cu. In. V8 GAS SOHC Naturally Aspirated
GRH 641126PS,2011,Ford,F-150,FX2 Extended Cab Pickup 4-Door,3.5L 3496CC 213Cu. In. V6 GAS DOHC Turbocharged
GRH 641126PS,2011,Ford,F-150,XLT Extended Cab Pickup 4-Door,3.7L 3726CC 227Cu. In. V6 FLEX DOHC Naturally Aspirated
GRH 641126PS,2013,Ford,F-150,Lariat Extended Cab Pickup 4-Door,5.0L 4951CC 302Cu. In. V8 FLEX DOHC Naturally Aspirated
GRH 641126PS,2011,Ford,F-150,FX4 Extended Cab Pickup 4-Door,5.0L 4951CC 302Cu. In. V8 FLEX DOHC Naturally Aspirated
GRH 641126PS,2012,Ford,F-150,FX2 Extended Cab Pickup 4-Door,5.0L 4951CC 302Cu. In. V8 FLEX DOHC Naturally Aspirated
GRH 641126PS,2011,Ford,F-150,Lariat Extended Cab Pickup 4-Door,5.0L 4951CC 302Cu. In. V8 FLEX DOHC Naturally Aspirated
GRH 641126PS,2010,Ford,F-150,XLT Extended Cab Pickup 4-Door,5.4L 330Cu. In. V8 FLEX SOHC Naturally Aspirated
GRH 641126PS,2012,Ford,F-150,Lariat Extended Cab Pickup 4-Door,6.2L 6210CC 379Cu. In. V8 GAS SOHC Naturally Aspirated
GRH 641126PS,2013,Ford,F-150,STX Extended Cab Pickup 4-Door,3.7L 3726CC 227Cu. In. V6 FLEX DOHC Naturally Aspirated
GRH 641126PS,2010,Ford,F-150,SVT Raptor Extended Cab Pickup 4-Door,5.4L 330Cu. In. V8 FLEX SOHC Naturally Aspirated
GRH 641126PS,2011,Ford,F-150,STX Extended Cab Pickup 4-Door,3.7L 3726CC 227Cu. In. V6 FLEX DOHC Naturally Aspirated
GRH 641126PS,2012,Ford,F-150,STX Extended Cab Pickup 4-Door,5.0L 4951CC 302Cu. In. V8 FLEX DOHC Naturally Aspirated
GRH 641126PS,2013,Ford,F-150,XL Extended Cab Pickup 4-Door,3.5L 3496CC 213Cu. In. V6 GAS DOHC Turbocharged
GRH 641126PS,2014,Ford,F-150,XL Extended Cab Pickup 4-Door,3.7L 3726CC 227Cu. In. V6 CNG DOHC Naturally Aspirated
GRH 641126PS,2012,Ford,F-150,XL Extended Cab Pickup 4-Door,3.5L 3496CC 213Cu. In. V6 GAS DOHC Turbocharged
GRH 641126PS,2013,Ford,F-150,XLT Extended Cab Pickup 4-Door,3.5L 3496CC 213Cu. In. V6 GAS DOHC Turbocharged
GRH 641126PS,2014,Ford,F-150,XLT Extended Cab Pickup 4-Door,5.0L 4951CC 302Cu. In. V8 FLEX DOHC Naturally Aspirated
GRH 641126PS,2012,Ford,F-150,XLT Extended Cab Pickup 4-Door,3.5L 3496CC 213Cu. In. V6 GAS DOHC Turbocharged
GRH 641126PS,2014,Ford,F-150,XLT Extended Cab Pickup 4-Door,3.7L 3726CC 227Cu. In. V6 CNG DOHC Naturally Aspirated
GRH 641126PS,2013,Ford,F-150,FX2 Extended Cab Pickup 4-Door,3.5L 3496CC 213Cu. In. V6 GAS DOHC Turbocharged
GRH 641126PS,2011,Ford,F-150,XL Extended Cab Pickup 4-Door,3.7L 3726CC 227Cu. In. V6 FLEX DOHC Naturally Aspirated
GRH 641126PS,2013,Ford,F-150,FX4 Extended Cab Pickup 4-Door,6.2L 6210CC 379Cu. In. V8 GAS SOHC Naturally Aspirated
GRH 641126PS,2010,Ford,F-150,FX2 Extended Cab Pickup 4-Door,5.4L 330Cu. In. V8 FLEX SOHC Naturally Aspirated
GRH 641126PS,2013,Ford,F-150,STX Extended Cab Pickup 4-Door,5.0L 4951CC 302Cu. In. V8 FLEX DOHC Naturally Aspirated
GRH 641126PS,2014,Ford,F-150,XL Extended Cab Pickup 4-Door,3.7L 3726CC 227Cu. In. V6 FLEX DOHC Naturally Aspirated
GRH 641126PS,2012,Ford,F-150,XL Extended Cab Pickup 4-Door,5.0L 4951CC 302Cu. In. V8 FLEX DOHC Naturally Aspirated
GRH 641126PS,2014,Ford,F-150,XLT Extended Cab Pickup 4-Door,6.2L 6210CC 379Cu. In. V8 GAS SOHC Naturally Aspirated
GRH 641126PS,2012,Ford,F-150,XLT Extended Cab Pickup 4-Door,5.0L 4951CC 302Cu. In. V8 FLEX DOHC Naturally Aspirated
GRH 641126PS,2014,Ford,F-150,XLT Extended Cab Pickup 4-Door,3.7L 3726CC 227Cu. In. V6 FLEX DOHC Naturally Aspirated
GRH 641126PS,2014,Ford,F-150,FX2 Extended Cab Pickup 4-Door,5.0L 4951CC 302Cu. In. V8 FLEX DOHC Naturally Aspirated
GRH 641126PS,2014,Ford,F-150,FX2 Extended Cab Pickup 4-Door,3.5L 3496CC 213Cu. In. V6 GAS DOHC Turbocharged
GRH 641126PS,2013,Ford,F-150,FX2 Extended Cab Pickup 4-Door,6.2L 6210CC 379Cu. In. V8 GAS SOHC Naturally Aspirated
GRH 641126PS,2013,Ford,F-150,FX2 Extended Cab Pickup 4-Door,5.0L 4951CC 302Cu. In. V8 FLEX DOHC Naturally Aspirated
GRH 641126PS,2013,Ford,F-150,Lariat Extended Cab Pickup 4-Door,6.2L 6210CC 379Cu. In. V8 GAS SOHC Naturally Aspirated
GRH 641126PS,2012,Ford,F-150,FX4 Extended Cab Pickup 4-Door,3.5L 3496CC 213Cu. In. V6 GAS DOHC Turbocharged
GRH 641126PS,2011,Ford,F-150,SVT Raptor Extended Cab Pickup 4-Door,6.2L 6210CC 379Cu. In. V8 GAS SOHC Naturally Aspirated
GRH 641126PS,2011,Ford,F-150,FX2 Extended Cab Pickup 4-Door,5.0L 4951CC 302Cu. In. V8 FLEX DOHC Naturally Aspirated
GRH 641126PS,2009,Ford,F-150,Lariat Extended Cab Pickup 4-Door,5.4L 330Cu. In. V8 FLEX SOHC Naturally Aspirated
GRH 641126PS,2009,Ford,F-150,XL Extended Cab Pickup 4-Door,5.4L 330Cu. In. V8 FLEX SOHC Naturally Aspirated
GRH 641126PS,2010,Ford,F-150,FX4 Extended Cab Pickup 4-Door,5.4L 330Cu. In. V8 FLEX SOHC Naturally Aspirated
GRH 641126PS,2010,Ford,F-150,Lariat Extended Cab Pickup 4-Door,5.4L 330Cu. In. V8 FLEX SOHC Naturally Aspirated
GRH 641126PS,2010,Ford,F-150,XL Extended Cab Pickup 4-Door,4.6L 281Cu. In. V8 GAS SOHC Naturally Aspirated
GRH 641126PS,2014,Ford,F-150,FX4 Extended Cab Pickup 4-Door,6.2L 6210CC 379Cu. In. V8 GAS SOHC Naturally Aspirated
GRH 641126PS,2014,Ford,F-150,FX4 Extended Cab Pickup 4-Door,5.0L 4951CC 302Cu. In. V8 FLEX DOHC Naturally Aspirated
GRH 641126PS,2014,Ford,F-150,Lariat Extended Cab Pickup 4-Door,5.0L 4951CC 302Cu. In. V8 FLEX DOHC Naturally Aspirated
GRH 641126PS,2014,Ford,F-150,Lariat Extended Cab Pickup 4-Door,3.5L 3496CC 213Cu. In. V6 GAS DOHC Turbocharged
GRH 641126PS,2014,Ford,F-150,STX Extended Cab Pickup 4-Door,3.7L 3726CC 227Cu. In. V6 FLEX DOHC Naturally Aspirated
GRH 641126PS,2014,Ford,F-150,STX Extended Cab Pickup 4-Door,3.7L 3726CC 227Cu. In. V6 CNG DOHC Naturally Aspirated
GRH 641126PS,2014,Ford,F-150,XL Extended Cab Pickup 4-Door,5.0L 4951CC 302Cu. In. V8 FLEX DOHC Naturally Aspirated
GRH 641126PS,2009,Ford,F-150,XL Extended Cab Pickup 4-Door,4.6L 281Cu. In. V8 GAS SOHC Naturally Aspirated
GRH 641126PS,2009,Ford,F-150,XLT Extended Cab Pickup 4-Door,5.4L 330Cu. In. V8 FLEX SOHC Naturally Aspirated
GRH 641126PS,2010,Ford,F-150,STX Extended Cab Pickup 4-Door,4.6L 281Cu. In. V8 GAS SOHC Naturally Aspirated
GRH 641126PS,2014,Ford,F-150,Lariat Extended Cab Pickup 4-Door,6.2L 6210CC 379Cu. In. V8 GAS SOHC Naturally Aspirated
GRH 641126PS,2014,Ford,F-150,STX Extended Cab Pickup 4-Door,5.0L 4951CC 302Cu. In. V8 FLEX DOHC Naturally Aspirated
GRH 641126PS,2014,Ford,F-150,STX Extended Cab Pickup 4-Door,3.7L 3726CC 227Cu. In. V6 LPG DOHC Naturally Aspirated
GRH 641126PS,2014,Ford,F-150,SVT Raptor Extended Cab Pickup 4-Door,6.2L 6210CC 379Cu. In. V8 GAS SOHC Naturally Aspirated
GRH 641126PS,2009,Ford,F-150,FX4 Extended Cab Pickup 4-Door,5.4L 330Cu. In. V8 FLEX SOHC Naturally Aspirated
GRH 641126PS,2009,Ford,F-150,STX Extended Cab Pickup 4-Door,4.6L 281Cu. In. V8 GAS SOHC Naturally Aspirated
GRH 641126PS,2009,Ford,F-150,XLT Extended Cab Pickup 4-Door,4.6L 281Cu. In. V8 GAS SOHC Naturally Aspirated
GRH 641126PS,2014,Ford,F-150,FX4 Extended Cab Pickup 4-Door,3.5L 3496CC 213Cu. In. V6 GAS DOHC Turbocharged
GRH 641126PS,2007,Ford,F-150,FX2 Extended Cab Pickup 4-Door,5.4L 330Cu. In. V8 GAS SOHC Naturally Aspirated
GRH 641126PS,2004,Ford,F-150,XLT Extended Cab Pickup 4-Door,5.4L 330Cu. In. V8 GAS SOHC Naturally Aspirated
GRH 641126PS,2006,Ford,F-150,XLT Extended Cab Pickup 4-Door,4.6L 281Cu. In. V8 GAS SOHC Naturally Aspirated
GRH 641126PS,2007,Ford,F-150,XL Extended Cab Pickup 4-Door,5.4L 330Cu. In. V8 GAS SOHC Naturally Aspirated
GRH 641126PS,2007,Ford,F-150,FX4 Extended Cab Pickup 4-Door,5.4L 330Cu. In. V8 GAS SOHC Naturally Aspirated
GRH 641126PS,2008,Ford,F-150,FX4 Extended Cab Pickup 4-Door,5.4L 330Cu. In. V8 FLEX SOHC Naturally Aspirated
GRH 641126PS,2005,Ford,F-150,XLT Extended Cab Pickup 4-Door,4.6L 281Cu. In. V8 GAS SOHC Naturally Aspirated
GRH 641126PS,2006,Ford,F-150,Lariat Extended Cab Pickup 4-Door,5.4L 330Cu. In. V8 FLEX SOHC Naturally Aspirated
GRH 641126PS,2008,Ford,F-150,XLT Extended Cab Pickup 4-Door,4.2L 256Cu. In. V6 GAS OHV Naturally Aspirated
GRH 641126PS,2008,Ford,F-150,XL Extended Cab Pickup 4-Door,5.4L 330Cu. In. V8 FLEX SOHC Naturally Aspirated
GRH 641126PS,2005,Ford,F-150,XLT Extended Cab Pickup 4-Door,5.4L 330Cu. In. V8 GAS SOHC Naturally Aspirated
GRH 641126PS,2006,Ford,F-150,XLT Extended Cab Pickup 4-Door,4.2L 256Cu. In. V6 GAS OHV Naturally Aspirated
GRH 641126PS,2006,Ford,F-150,XL Extended Cab Pickup 4-Door,5.4L 330Cu. In. V8 FLEX SOHC Naturally Aspirated
GRH 641126PS,2006,Ford,F-150,Harley-Davidson Edition Extended Cab Pickup 4-Door,5.4L 330Cu. In. V8 FLEX SOHC Naturally Aspirated
GRH 641126PS,2008,Ford,F-150,Lariat Extended Cab Pickup 4-Door,5.4L 330Cu. In. V8 FLEX SOHC Naturally Aspirated
GRH 641126PS,2004,Ford,F-150,XLT Extended Cab Pickup 4-Door,4.6L 281Cu. In. V8 GAS SOHC Naturally Aspirated
GRH 641126PS,2007,Ford,F-150,XL Extended Cab Pickup 4-Door,4.6L 281Cu. In. V8 GAS SOHC Naturally Aspirated
GRH 641126PS,2007,Ford,F-150,XLT Extended Cab Pickup 4-Door,5.4L 330Cu. In. V8 FLEX SOHC Naturally Aspirated
GRH 641126PS,2006,Ford,F-150,XL Extended Cab Pickup 4-Door,4.2L 256Cu. In. V6 GAS OHV Naturally Aspirated
GRH 641126PS,2005,Ford,F-150,Lariat Extended Cab Pickup 4-Door,5.4L 330Cu. In. V8 GAS SOHC Naturally Aspirated
GRH 641126PS,2006,Ford,F-150,Lariat Extended Cab Pickup 4-Door,5.4L 330Cu. In. V8 GAS SOHC Naturally Aspirated
GRH 641126PS,2008,Ford,F-150,XLT Extended Cab Pickup 4-Door,5.4L 330Cu. In. V8 GAS SOHC Naturally Aspirated
GRH 641126PS,2008,Ford,F-150,XL Extended Cab Pickup 4-Door,4.2L 256Cu. In. V6 GAS OHV Naturally Aspirated
GRH 641126PS,2005,Ford,F-150,STX Extended Cab Pickup 4-Door,4.2L 256Cu. In. V6 GAS OHV Naturally Aspirated
GRH 641126PS,2008,Ford,F-150,FX4 Extended Cab Pickup 4-Door,5.4L 330Cu. In. V8 GAS SOHC Naturally Aspirated
GRH 641126PS,2006,Ford,F-150,XLT Extended Cab Pickup 4-Door,5.4L 330Cu. In. V8 FLEX SOHC Naturally Aspirated
GRH 641126PS,2007,Ford,F-150,Lariat Extended Cab Pickup 4-Door,5.4L 330Cu. In. V8 FLEX SOHC Naturally Aspirated
GRH 641126PS,2008,Ford,F-150,XTR Extended Cab Pickup 4-Door,5.4L 330Cu. In. V8 FLEX SOHC Naturally Aspirated
GRH 641126PS,2004,Ford,F-150,XL Extended Cab Pickup 4-Door,4.6L 281Cu. In. V8 GAS SOHC Naturally Aspirated
GRH 641126PS,2005,Ford,F-150,STX Extended Cab Pickup 4-Door,4.6L 281Cu. In. V8 GAS SOHC Naturally Aspirated
GRH 641126PS,2007,Ford,F-150,XLT Extended Cab Pickup 4-Door,4.6L 281Cu. In. V8 GAS SOHC Naturally Aspirated
GRH 641126PS,2008,Ford,F-150,XLT Extended Cab Pickup 4-Door,4.6L 281Cu. In. V8 GAS SOHC Naturally Aspirated
GRH 641126PS,2004,Ford,F-150,XL Extended Cab Pickup 4-Door,5.4L 330Cu. In. V8 GAS SOHC Naturally Aspirated
GRH 641126PS,2006,Ford,F-150,XL Extended Cab Pickup 4-Door,4.6L 281Cu. In. V8 GAS SOHC Naturally Aspirated
GRH 641126PS,2008,Ford,F-150,XL Extended Cab Pickup 4-Door,5.4L 330Cu. In. V8 GAS SOHC Naturally Aspirated
GRH 641126PS,2008,Ford,F-150,Lariat Extended Cab Pickup 4-Door,5.4L 330Cu. In. V8 GAS SOHC Naturally Aspirated
GRH 641126PS,2006,Ford,F-150,STX Extended Cab Pickup 4-Door,4.2L 256Cu. In. V6 GAS OHV Naturally Aspirated
GRH 641126PS,2007,Ford,F-150,STX Extended Cab Pickup 4-Door,4.2L 256Cu. In. V6 GAS OHV Naturally Aspirated
GRH 641126PS,2005,Ford,F-150,XL Extended Cab Pickup 4-Door,4.2L 256Cu. In. V6 GAS OHV Naturally Aspirated
GRH 641126PS,2007,Ford,F-150,XLT Extended Cab Pickup 4-Door,5.4L 330Cu. In. V8 GAS SOHC Naturally Aspirated
GRH 641126PS,2006,Ford,F-150,FX4 Extended Cab Pickup 4-Door,5.4L 330Cu. In. V8 GAS SOHC Naturally Aspirated
GRH 641126PS,2006,Ford,F-150,XL Extended Cab Pickup 4-Door,5.4L 330Cu. In. V8 GAS SOHC Naturally Aspirated
GRH 641126PS,2006,Ford,F-150,Harley-Davidson Edition Extended Cab Pickup 4-Door,5.4L 330Cu. In. V8 GAS SOHC Naturally Aspirated
GRH 641126PS,2007,Ford,F-150,STX Extended Cab Pickup 4-Door,4.6L 281Cu. In. V8 GAS SOHC Naturally Aspirated
GRH 641126PS,2005,Ford,F-150,King Ranch Extended Cab Pickup 4-Door,5.4L 330Cu. In. V8 GAS SOHC Naturally Aspirated
GRH 641126PS,2007,Ford,F-150,XL Extended Cab Pickup 4-Door,4.2L 256Cu. In. V6 GAS OHV Naturally Aspirated
GRH 641126PS,2006,Ford,F-150,STX Extended Cab Pickup 4-Door,4.6L 281Cu. In. V8 GAS SOHC Naturally Aspirated
GRH 641126PS,2006,Ford,F-150,XLT Extended Cab Pickup 4-Door,5.4L 330Cu. In. V8 GAS SOHC Naturally Aspirated
GRH 641126PS,2008,Ford,F-150,STX Extended Cab Pickup 4-Door,4.2L 256Cu. In. V6 GAS OHV Naturally Aspirated
GRH 641126PS,2004,Ford,F-150,FX4 Extended Cab Pickup 4-Door,5.4L 330Cu. In. V8 GAS SOHC Naturally Aspirated
GRH 641126PS,2005,Ford,F-150,XL Extended Cab Pickup 4-Door,4.6L 281Cu. In. V8 GAS SOHC Naturally Aspirated
GRH 641126PS,2008,Ford,F-150,XTR Extended Cab Pickup 4-Door,5.4L 330Cu. In. V8 GAS SOHC Naturally Aspirated
GRH 641126PS,2008,Ford,F-150,FX2 Extended Cab Pickup 4-Door,5.4L 330Cu. In. V8 GAS SOHC Naturally Aspirated
GRH 641126PS,2008,Ford,F-150,XL Extended Cab Pickup 4-Door,4.6L 281Cu. In. V8 GAS SOHC Naturally Aspirated
GRH 641126PS,2005,Ford,F-150,XL Extended Cab Pickup 4-Door,5.4L 330Cu. In. V8 GAS SOHC Naturally Aspirated
GRH 641126PS,2004,Ford,F-150,Lariat Extended Cab Pickup 4-Door,5.4L 330Cu. In. V8 GAS SOHC Naturally Aspirated
GRH 641126PS,2007,Ford,F-150,Lariat Extended Cab Pickup 4-Door,5.4L 330Cu. In. V8 GAS SOHC Naturally Aspirated
GRH 641126PS,2007,Ford,F-150,XL Extended Cab Pickup 4-Door,5.4L 330Cu. In. V8 FLEX SOHC Naturally Aspirated
GRH 641126PS,2004,Ford,F-150,STX Extended Cab Pickup 4-Door,4.6L 281Cu. In. V8 GAS SOHC Naturally Aspirated
GRH 641126PS,2007,Ford,F-150,FX2 Extended Cab Pickup 4-Door,5.4L 330Cu. In. V8 FLEX SOHC Naturally Aspirated
GRH 641126PS,2007,Ford,F-150,FX4 Extended Cab Pickup 4-Door,5.4L 330Cu. In. V8 FLEX SOHC Naturally Aspirated
GRH 641126PS,2008,Ford,F-150,XTR Extended Cab Pickup 4-Door,4.6L 281Cu. In. V8 GAS SOHC Naturally Aspirated
GRH 641126PS,2008,Ford,F-150,XLT Extended Cab Pickup 4-Door,5.4L 330Cu. In. V8 FLEX SOHC Naturally Aspirated
GRH 641126PS,2008,Ford,F-150,STX Extended Cab Pickup 4-Door,4.6L 281Cu. In. V8 GAS SOHC Naturally Aspirated
GRH 641126PS,2005,Ford,F-150,XLT Extended Cab Pickup 4-Door,4.2L 256Cu. In. V6 GAS OHV Naturally Aspirated
GRH 641126PS,2007,Ford,F-150,XLT Extended Cab Pickup 4-Door,4.2L 256Cu. In. V6 GAS OHV Naturally Aspirated
GRH 641126PS,2008,Ford,F-150,FX2 Extended Cab Pickup 4-Door,5.4L 330Cu. In. V8 FLEX SOHC Naturally Aspirated
GRH 641126PS,2008,Ford,F-150,FX2 Extended Cab Pickup 4-Door,4.6L 281Cu. In. V8 GAS SOHC Naturally Aspirated
GRH 641128B,2008,Dodge,Ram 1500,SLT Standard Cab Pickup 2-Door,5.7L 345Cu. In. V8 GAS OHV Naturally Aspirated
GRH 641128B,2008,Dodge,Ram 1500,ST Standard Cab Pickup 2-Door,5.7L 345Cu. In. V8 GAS OHV Naturally Aspirated
GRH 641128B,2008,Dodge,Ram 1500,ST Standard Cab Pickup 2-Door,4.7L 285Cu. In. V8 GAS SOHC Naturally Aspirated
GRH 641128B,2008,Dodge,Ram 1500,ST Crew Cab Pickup 4-Door,3.7L 226Cu. In. V6 GAS SOHC Naturally Aspirated
GRH 641128B,2008,Dodge,Ram 1500,SXT Extended Crew Cab Pickup 4-Door,5.7L 345Cu. In. V8 GAS OHV Naturally Aspirated
GRH 641128B,2008,Dodge,Ram 1500,SXT Standard Cab Pickup 2-Door,4.7L 285Cu. In. V8 GAS SOHC Naturally Aspirated
GRH 641128B,2008,Dodge,Ram 1500,SLT Crew Cab Pickup 4-Door,4.7L 285Cu. In. V8 GAS SOHC Naturally Aspirated
GRH 641128B,2008,Dodge,Ram 1500,SXT Extended Crew Cab Pickup 4-Door,3.7L 226Cu. In. V6 GAS SOHC Naturally Aspirated
GRH 641128B,2008,Dodge,Ram 1500,Laramie Extended Crew Cab Pickup 4-Door,5.7L 345Cu. In. V8 GAS OHV Naturally Aspirated
GRH 641128B,2008,Dodge,Ram 1500,SXT Crew Cab Pickup 4-Door,3.7L 226Cu. In. V6 GAS SOHC Naturally Aspirated
GRH 641128B,2008,Dodge,Ram 1500,SXT Crew Cab Pickup 4-Door,4.7L 285Cu. In. V8 GAS SOHC Naturally Aspirated
GRH 641128B,2008,Dodge,Ram 1500,SLT Extended Crew Cab Pickup 4-Door,5.7L 345Cu. In. V8 GAS OHV Naturally Aspirated
GRH 641128B,2008,Dodge,Ram 1500,SXT Standard Cab Pickup 2-Door,3.7L 226Cu. In. V6 GAS SOHC Naturally Aspirated
GRH 641128B,2008,Dodge,Ram 1500,SLT Crew Cab Pickup 4-Door,5.7L 345Cu. In. V8 GAS OHV Naturally Aspirated
GRH 641128B,2008,Dodge,Ram 1500,SXT Standard Cab Pickup 2-Door,5.7L 345Cu. In. V8 GAS OHV Naturally Aspirated
GRH 641128B,2008,Dodge,Ram 1500,SXT Extended Crew Cab Pickup 4-Door,4.7L 285Cu. In. V8 GAS SOHC Naturally Aspirated
GRH 641128B,2008,Dodge,Ram 1500,SLT Extended Crew Cab Pickup 4-Door,4.7L 285Cu. In. V8 GAS SOHC Naturally Aspirated
GRH 641128B,2008,Dodge,Ram 1500,SXT Crew Cab Pickup 4-Door,5.7L 345Cu. In. V8 GAS OHV Naturally Aspirated
GRH 641128B,2008,Dodge,Ram 1500,Laramie Crew Cab Pickup 4-Door,5.7L 345Cu. In. V8 GAS OHV Naturally Aspirated
GRH 641128B,2008,Dodge,Ram 1500,ST Standard Cab Pickup 2-Door,3.7L 226Cu. In. V6 GAS SOHC Naturally Aspirated
GRH 641128B,2008,Dodge,Ram 1500,ST Crew Cab Pickup 4-Door,4.7L 285Cu. In. V8 GAS SOHC Naturally Aspirated
GRH 641128B,2008,Dodge,Ram 1500,ST Crew Cab Pickup 4-Door,5.7L 345Cu. In. V8 GAS OHV Naturally Aspirated
GRH 641128B,2008,Dodge,Ram 1500,SLT Standard Cab Pickup 2-Door,4.7L 285Cu. In. V8 GAS SOHC Naturally Aspirated
GRH 641128B,2007,Dodge,Ram 2500,Laramie Extended Crew Cab Pickup 4-Door,5.7L 345Cu. In. V8 GAS OHV Naturally Aspirated
GRH 641128B,2007,Dodge,Ram 2500,Sport Crew Cab Pickup 4-Door,5.9L 359Cu. In. l6 DIESEL OHV Turbocharged
GRH 641128B,2006,Dodge,Ram 2500,ST Standard Cab Pickup 2-Door,5.9L 359Cu. In. l6 DIESEL OHV Turbocharged
GRH 641128B,2007,Dodge,Ram 2500,Laramie Crew Cab Pickup 4-Door,5.9L 359Cu. In. l6 DIESEL OHV Turbocharged
GRH 641128B,2006,Dodge,Ram 2500,Sport Crew Cab Pickup 4-Door,5.9L 359Cu. In. l6 DIESEL OHV Turbocharged
GRH 641128B,2007,Dodge,Ram 2500,SLT Crew Cab Pickup 4-Door,6.7L 408Cu. In. l6 DIESEL OHV Turbocharged
GRH 641128B,2006,Dodge,Ram 2500,Laramie Crew Cab Pickup 4-Door,5.9L 359Cu. In. l6 DIESEL OHV Turbocharged
GRH 641128B,2006,Dodge,Ram 2500,TRX4 Crew Cab Pickup 4-Door,5.9L 359Cu. In. l6 DIESEL OHV Turbocharged
GRH 641128B,2006,Dodge,Ram 2500,ST Crew Cab Pickup 4-Door,5.7L 345Cu. In. V8 GAS OHV Naturally Aspirated
GRH 641128B,2007,Dodge,Ram 2500,SLT Crew Cab Pickup 4-Door,5.7L 345Cu. In. V8 GAS OHV Naturally Aspirated
GRH 641128B,2006,Dodge,Ram 2500,SLT Standard Cab Pickup 2-Door,5.9L 359Cu. In. l6 DIESEL OHV Turbocharged
GRH 641128B,2006,Dodge,Ram 2500,ST Standard Cab Pickup 2-Door,5.7L 345Cu. In. V8 GAS OHV Naturally Aspirated
GRH 641128B,2006,Dodge,Ram 2500,SLT Extended Crew Cab Pickup 4-Door,5.9L 359Cu. In. l6 DIESEL OHV Turbocharged
GRH 641128B,2006,Dodge,Ram 2500,Laramie Crew Cab Pickup 4-Door,5.7L 345Cu. In. V8 GAS OHV Naturally Aspirated
GRH 641128B,2006,Dodge,Ram 2500,Laramie Standard Cab Pickup 2-Door,5.7L 345Cu. In. V8 GAS OHV Naturally Aspirated
GRH 641128B,2007,Dodge,Ram 2500,ST Crew Cab Pickup 4-Door,5.7L 345Cu. In. V8 GAS OHV Naturally Aspirated
GRH 641128B,2006,Dodge,Ram 2500,Power Wagon Crew Cab Pickup 4-Door,5.7L 345Cu. In. V8 GAS OHV Naturally Aspirated
GRH 641128B,2006,Dodge,Ram 2500,Laramie Standard Cab Pickup 2-Door,5.9L 359Cu. In. l6 DIESEL OHV Turbocharged
GRH 641128B,2006,Dodge,Ram 2500,Sport Standard Cab Pickup 2-Door,5.9L 359Cu. In. l6 DIESEL OHV Turbocharged
GRH 641128B,2007,Dodge,Ram 2500,Sport Crew Cab Pickup 4-Door,5.7L 345Cu. In. V8 GAS OHV Naturally Aspirated
GRH 641128B,2007,Dodge,Ram 2500,ST Standard Cab Pickup 2-Door,6.7L 408Cu. In. l6 DIESEL OHV Turbocharged
GRH 641128B,2006,Dodge,Ram 2500,TRX4 Standard Cab Pickup 2-Door,5.7L 345Cu. In. V8 GAS OHV Naturally Aspirated
GRH 641128B,2007,Dodge,Ram 2500,SLT Sport Standard Cab Pickup 2-Door,5.9L 359Cu. In. l6 DIESEL OHV Turbocharged
GRH 641128B,2007,Dodge,Ram 2500,Laramie Extended Crew Cab Pickup 4-Door,6.7L 408Cu. In. l6 DIESEL OHV Turbocharged
GRH 641128B,2007,Dodge,Ram 2500,SLT Standard Cab Pickup 2-Door,5.7L 345Cu. In. V8 GAS OHV Naturally Aspirated
GRH 641128B,2007,Dodge,Ram 2500,Sport Standard Cab Pickup 2-Door,5.7L 345Cu. In. V8 GAS OHV Naturally Aspirated
GRH 641128B,2007,Dodge,Ram 2500,ST Crew Cab Pickup 4-Door,5.9L 359Cu. In. l6 DIESEL OHV Turbocharged
GRH 641128B,2006,Dodge,Ram 2500,Sport Standard Cab Pickup 2-Door,5.7L 345Cu. In. V8 GAS OHV Naturally Aspirated
GRH 641128B,2007,Dodge,Ram 2500,Laramie Extended Crew Cab Pickup 4-Door,5.9L 359Cu. In. l6 DIESEL OHV Turbocharged
GRH 641128B,2007,Dodge,Ram 2500,TRX4 Crew Cab Pickup 4-Door,5.9L 359Cu. In. l6 DIESEL OHV Turbocharged
GRH 641128B,2006,Dodge,Ram 2500,ST Crew Cab Pickup 4-Door,5.9L 359Cu. In. l6 DIESEL OHV Turbocharged
GRH 641128B,2006,Dodge,Ram 2500,TRX4 Standard Cab Pickup 2-Door,5.9L 359Cu. In. l6 DIESEL OHV Turbocharged
GRH 641128B,2007,Dodge,Ram 2500,ST Crew Cab Pickup 4-Door,6.7L 408Cu. In. l6 DIESEL OHV Turbocharged
GRH 641128B,2007,Dodge,Ram 2500,SLT Standard Cab Pickup 2-Door,6.7L 408Cu. In. l6 DIESEL OHV Turbocharged
GRH 641128B,2006,Dodge,Ram 2500,TRX4 Crew Cab Pickup 4-Door,5.7L 345Cu. In. V8 GAS OHV Naturally Aspirated
GRH 641128B,2007,Dodge,Ram 2500,SLT Extended Crew Cab Pickup 4-Door,6.7L 408Cu. In. l6 DIESEL OHV Turbocharged
GRH 641128B,2007,Dodge,Ram 2500,SLT Standard Cab Pickup 2-Door,5.9L 359Cu. In. l6 DIESEL OHV Turbocharged
GRH 641128B,2006,Dodge,Ram 2500,Power Wagon Standard Cab Pickup 2-Door,5.7L 345Cu. In. V8 GAS OHV Naturally Aspirated
GRH 641128B,2006,Dodge,Ram 2500,SLT Night Runner Sport Standard Cab Pickup 2-Door,5.9L 359Cu. In. l6 DIESEL OHV Turbocharged
GRH 641128B,2007,Dodge,Ram 2500,SLT Crew Cab Pickup 4-Door,5.9L 359Cu. In. l6 DIESEL OHV Turbocharged
GRH 641128B,2007,Dodge,Ram 2500,TRX4 Crew Cab Pickup 4-Door,5.7L 345Cu. In. V8 GAS OHV Naturally Aspirated
GRH 641128B,2007,Dodge,Ram 2500,ST Standard Cab Pickup 2-Door,5.7L 345Cu. In. V8 GAS OHV Naturally Aspirated
GRH 641128B,2006,Dodge,Ram 2500,SLT Crew Cab Pickup 4-Door,5.9L 359Cu. In. l6 DIESEL OHV Turbocharged
GRH 641128B,2007,Dodge,Ram 2500,ST Standard Cab Pickup 2-Door,5.9L 359Cu. In. l6 DIESEL OHV Turbocharged
GRH 641128B,2007,Dodge,Ram 2500,TRX4 Standard Cab Pickup 2-Door,5.7L 345Cu. In. V8 GAS OHV Naturally Aspirated
GRH 641128B,2006,Dodge,Ram 2500,SLT Sport Standard Cab Pickup 2-Door,5.9L 359Cu. In. l6 DIESEL OHV Turbocharged
GRH 641128B,2006,Dodge,Ram 2500,Sport Crew Cab Pickup 4-Door,5.7L 345Cu. In. V8 GAS OHV Naturally Aspirated
GRH 641128B,2006,Dodge,Ram 2500,SLT Crew Cab Pickup 4-Door,5.7L 345Cu. In. V8 GAS OHV Naturally Aspirated
GRH 641128B,2007,Dodge,Ram 2500,Laramie Crew Cab Pickup 4-Door,6.7L 408Cu. In. l6 DIESEL OHV Turbocharged
GRH 641128B,2007,Dodge,Ram 2500,Laramie Crew Cab Pickup 4-Door,5.7L 345Cu. In. V8 GAS OHV Naturally Aspirated
GRH 641128B,2006,Dodge,Ram 2500,Laramie Extended Crew Cab Pickup 4-Door,5.9L 359Cu. In. l6 DIESEL OHV Turbocharged
GRH 641128B,2007,Dodge,Ram 2500,TRX4 Standard Cab Pickup 2-Door,5.9L 359Cu. In. l6 DIESEL OHV Turbocharged
GRH 641128B,2007,Dodge,Ram 2500,Power Wagon Crew Cab Pickup 4-Door,5.7L 345Cu. In. V8 GAS OHV Naturally Aspirated
GRH 641128B,2006,Dodge,Ram 2500,Laramie Extended Crew Cab Pickup 4-Door,5.7L 345Cu. In. V8 GAS OHV Naturally Aspirated
GRH 641128B,2007,Dodge,Ram 2500,Sport Standard Cab Pickup 2-Door,5.9L 359Cu. In. l6 DIESEL OHV Turbocharged
GRH 641128B,2006,Dodge,Ram 2500,SLT Extended Crew Cab Pickup 4-Door,5.7L 345Cu. In. V8 GAS OHV Naturally Aspirated
GRH 641128B,2007,Dodge,Ram 2500,SLT Extended Crew Cab Pickup 4-Door,5.9L 359Cu. In. l6 DIESEL OHV Turbocharged
GRH 641128B,2007,Dodge,Ram 2500,Power Wagon Standard Cab Pickup 2-Door,5.7L 345Cu. In. V8 GAS OHV Naturally Aspirated
GRH 641128B,2007,Dodge,Ram 2500,SLT Extended Crew Cab Pickup 4-Door,5.7L 345Cu. In. V8 GAS OHV Naturally Aspirated
GRH 641128B,2006,Dodge,Ram 2500,SLT Standard Cab Pickup 2-Door,5.7L 345Cu. In. V8 GAS OHV Naturally Aspirated
GRH 641128B,2006,Dodge,Ram 1500,Laramie Crew Cab Pickup 4-Door,5.7L 345Cu. In. V8 GAS OHV Naturally Aspirated
GRH 641128B,2006,Dodge,Ram 1500,Laramie Standard Cab Pickup 2-Door,5.7L 345Cu. In. V8 GAS OHV Naturally Aspirated
GRH 641128B,2006,Dodge,Ram 1500,Sport Crew Cab Pickup 4-Door,5.7L 345Cu. In. V8 GAS OHV Naturally Aspirated
GRH 641128B,2006,Dodge,Ram 1500,SLT Crew Cab Pickup 4-Door,4.7L 285Cu. In. V8 GAS SOHC Naturally Aspirated
GRH 641128B,2006,Dodge,Ram 1500,SLT Extended Crew Cab Pickup 4-Door,4.7L 285Cu. In. V8 GAS SOHC Naturally Aspirated
GRH 641128B,2006,Dodge,Ram 1500,Laramie Standard Cab Pickup 2-Door,4.7L 285Cu. In. V8 GAS SOHC Naturally Aspirated
GRH 641128B,2006,Dodge,Ram 1500,TRX4 Crew Cab Pickup 4-Door,5.7L 345Cu. In. V8 GAS OHV Naturally Aspirated
GRH 641128B,2006,Dodge,Ram 1500,TRX4 Standard Cab Pickup 2-Door,4.7L 285Cu. In. V8 FLEX SOHC Naturally Aspirated
GRH 641128B,2007,Dodge,Ram 1500,TRX4 Standard Cab Pickup 2-Door,4.7L 285Cu. In. V8 FLEX SOHC Naturally Aspirated
GRH 641128B,2006,Dodge,Ram 1500,Laramie Crew Cab Pickup 4-Door,4.7L 285Cu. In. V8 GAS SOHC Naturally Aspirated
GRH 641128B,2006,Dodge,Ram 1500,ST Crew Cab Pickup 4-Door,5.7L 345Cu. In. V8 GAS OHV Naturally Aspirated
GRH 641128B,2006,Dodge,Ram 1500,SRT-10 Crew Cab Pickup 4-Door,8.3L 8275CC 505Cu. In. V10 GAS OHV Naturally Aspirated
GRH 641128B,2006,Dodge,Ram 1500,SRT-10 Standard Cab Pickup 2-Door,8.3L 8275CC 505Cu. In. V10 GAS OHV Naturally Aspirated
GRH 641128B,2007,Dodge,Ram 1500,TRX4 Standard Cab Pickup 2-Door,5.7L 345Cu. In. V8 GAS OHV Naturally Aspirated
GRH 641128B,2007,Dodge,Ram 1500,SLT Standard Cab Pickup 2-Door,4.7L 285Cu. In. V8 FLEX SOHC Naturally Aspirated
GRH 641128B,2006,Dodge,Ram 1500,ST Standard Cab Pickup 2-Door,4.7L 285Cu. In. V8 GAS SOHC Naturally Aspirated
GRH 641128B,2007,Dodge,Ram 1500,TRX4 Crew Cab Pickup 4-Door,4.7L 285Cu. In. V8 GAS SOHC Naturally Aspirated
GRH 641128B,2006,Dodge,Ram 1500,SLT Standard Cab Pickup 2-Door,5.7L 345Cu. In. V8 GAS OHV Naturally Aspirated
GRH 641128B,2007,Dodge,Ram 1500,ST Crew Cab Pickup 4-Door,4.7L 285Cu. In. V8 FLEX SOHC Naturally Aspirated
GRH 641128B,2006,Dodge,Ram 1500,ST Crew Cab Pickup 4-Door,4.7L 285Cu. In. V8 GAS SOHC Naturally Aspirated
GRH 641128B,2006,Dodge,Ram 1500,Laramie Extended Crew Cab Pickup 4-Door,5.7L 345Cu. In. V8 GAS OHV Naturally Aspirated
GRH 641128B,2007,Dodge,Ram 1500,SLT Extended Crew Cab Pickup 4-Door,4.7L 285Cu. In. V8 GAS SOHC Naturally Aspirated
GRH 641128B,2006,Dodge,Ram 1500,SRT-10 Standard Cab Pickup 2-Door,--
GRH 641128B,2006,Dodge,Ram 1500,ST Standard Cab Pickup 2-Door,5.7L 345Cu. In. V8 GAS OHV Naturally Aspirated
GRH 641128B,2006,Dodge,Ram 1500,ST Standard Cab Pickup 2-Door,4.7L 285Cu. In. V8 FLEX SOHC Naturally Aspirated
GRH 641128B,2007,Dodge,Ram 1500,SLT Standard Cab Pickup 2-Door,4.7L 285Cu. In. V8 GAS SOHC Naturally Aspirated
GRH 641128B,2007,Dodge,Ram 1500,TRX4 Crew Cab Pickup 4-Door,4.7L 285Cu. In. V8 FLEX SOHC Naturally Aspirated
GRH 641128B,2007,Dodge,Ram 1500,ST Crew Cab Pickup 4-Door,3.7L 226Cu. In. V6 GAS SOHC Naturally Aspirated
GRH 641128B,2007,Dodge,Ram 1500,ST Standard Cab Pickup 2-Door,5.7L 345Cu. In. V8 GAS OHV Naturally Aspirated
GRH 641128B,2007,Dodge,Ram 1500,TRX4 Standard Cab Pickup 2-Door,4.7L 285Cu. In. V8 GAS SOHC Naturally Aspirated
GRH 641128B,2007,Dodge,Ram 1500,ST Crew Cab Pickup 4-Door,4.7L 285Cu. In. V8 GAS SOHC Naturally Aspirated
GRH 641128B,2007,Dodge,Ram 1500,SLT Crew Cab Pickup 4-Door,4.7L 285Cu. In. V8 GAS SOHC Naturally Aspirated
GRH 641128B,2007,Dodge,Ram 1500,ST Standard Cab Pickup 2-Door,4.7L 285Cu. In. V8 FLEX SOHC Naturally Aspirated
GRH 641128B,2007,Dodge,Ram 1500,SLT Crew Cab Pickup 4-Door,5.7L 345Cu. In. V8 GAS OHV Naturally Aspirated
GRH 641128B,2007,Dodge,Ram 1500,ST Standard Cab Pickup 2-Door,3.7L 226Cu. In. V6 GAS SOHC Naturally Aspirated
GRH 641128B,2007,Dodge,Ram 1500,Laramie Extended Crew Cab Pickup 4-Door,5.7L 345Cu. In. V8 GAS OHV Naturally Aspirated
GRH 641128B,2007,Dodge,Ram 1500,Sport Standard Cab Pickup 2-Door,5.7L 345Cu. In. V8 GAS OHV Naturally Aspirated
GRH 641128B,2007,Dodge,Ram 1500,Sport Crew Cab Pickup 4-Door,5.7L 345Cu. In. V8 GAS OHV Naturally Aspirated
GRH 641128B,2006,Dodge,Ram 1500,Sport Standard Cab Pickup 2-Door,5.7L 345Cu. In. V8 GAS OHV Naturally Aspirated
GRH 641128B,2007,Dodge,Ram 1500,SLT Extended Crew Cab Pickup 4-Door,4.7L 285Cu. In. V8 FLEX SOHC Naturally Aspirated
GRH 641128B,2007,Dodge,Ram 1500,SLT Extended Crew Cab Pickup 4-Door,5.7L 345Cu. In. V8 GAS OHV Naturally Aspirated
GRH 641128B,2006,Dodge,Ram 1500,Laramie Extended Crew Cab Pickup 4-Door,4.7L 285Cu. In. V8 GAS SOHC Naturally Aspirated
GRH 641128B,2007,Dodge,Ram 1500,Laramie Crew Cab Pickup 4-Door,4.7L 285Cu. In. V8 GAS SOHC Naturally Aspirated
GRH 641128B,2006,Dodge,Ram 1500,SLT Crew Cab Pickup 4-Door,4.7L 285Cu. In. V8 FLEX SOHC Naturally Aspirated
GRH 641128B,2006,Dodge,Ram 1500,SLT Standard Cab Pickup 2-Door,4.7L 285Cu. In. V8 FLEX SOHC Naturally Aspirated
GRH 641128B,2006,Dodge,Ram 1500,ST Standard Cab Pickup 2-Door,3.7L 226Cu. In. V6 GAS SOHC Naturally Aspirated
GRH 641128B,2006,Dodge,Ram 1500,TRX4 Crew Cab Pickup 4-Door,4.7L 285Cu. In. V8 FLEX SOHC Naturally Aspirated
GRH 641128B,2007,Dodge,Ram 1500,SLT Standard Cab Pickup 2-Door,5.7L 345Cu. In. V8 GAS OHV Naturally Aspirated
GRH 641128B,2006,Dodge,Ram 1500,SLT Standard Cab Pickup 2-Door,4.7L 285Cu. In. V8 GAS SOHC Naturally Aspirated
GRH 641128B,2007,Dodge,Ram 1500,SLT Crew Cab Pickup 4-Door,4.7L 285Cu. In. V8 FLEX SOHC Naturally Aspirated
GRH 641128B,2006,Dodge,Ram 1500,TRX4 Crew Cab Pickup 4-Door,4.7L 285Cu. In. V8 GAS SOHC Naturally Aspirated
GRH 641128B,2007,Dodge,Ram 1500,Laramie Crew Cab Pickup 4-Door,5.7L 345Cu. In. V8 GAS OHV Naturally Aspirated
GRH 641128B,2007,Dodge,Ram 1500,TRX4 Crew Cab Pickup 4-Door,5.7L 345Cu. In. V8 GAS OHV Naturally Aspirated
GRH 641128B,2006,Dodge,Ram 1500,TRX4 Standard Cab Pickup 2-Door,4.7L 285Cu. In. V8 GAS SOHC Naturally Aspirated
GRH 641128B,2006,Dodge,Ram 1500,ST Crew Cab Pickup 4-Door,3.7L 226Cu. In. V6 GAS SOHC Naturally Aspirated
GRH 641128B,2006,Dodge,Ram 1500,SLT Extended Crew Cab Pickup 4-Door,5.7L 345Cu. In. V8 GAS OHV Naturally Aspirated
GRH 641128B,2006,Dodge,Ram 1500,SLT Extended Crew Cab Pickup 4-Door,4.7L 285Cu. In. V8 FLEX SOHC Naturally Aspirated
GRH 641128B,2007,Dodge,Ram 1500,ST Standard Cab Pickup 2-Door,4.7L 285Cu. In. V8 GAS SOHC Naturally Aspirated
GRH 641128B,2007,Dodge,Ram 1500,ST Crew Cab Pickup 4-Door,5.7L 345Cu. In. V8 GAS OHV Naturally Aspirated
GRH 641128B,2006,Dodge,Ram 1500,ST Crew Cab Pickup 4-Door,4.7L 285Cu. In. V8 FLEX SOHC Naturally Aspirated
GRH 641128B,2006,Dodge,Ram 1500,SLT Crew Cab Pickup 4-Door,5.7L 345Cu. In. V8 GAS OHV Naturally Aspirated
GRH 641128B,2006,Dodge,Ram 1500,TRX4 Standard Cab Pickup 2-Door,5.7L 345Cu. In. V8 GAS OHV Naturally Aspirated
GRH 641128B,2008,Dodge,Ram 2500,SXT Crew Cab Pickup 4-Door,6.7L 408Cu. In. l6 DIESEL OHV Turbocharged
GRH 641128B,2008,Dodge,Ram 2500,SLT Extended Crew Cab Pickup 4-Door,5.7L 345Cu. In. V8 GAS OHV Naturally Aspirated
GRH 641128B,2008,Dodge,Ram 2500,Power Wagon Crew Cab Pickup 4-Door,5.7L 345Cu. In. V8 GAS OHV Naturally Aspirated
GRH 641128B,2008,Dodge,Ram 2500,ST Standard Cab Pickup 2-Door,5.9L 359Cu. In. l6 DIESEL OHV Turbocharged
GRH 641128B,2008,Dodge,Ram 2500,SXT Standard Cab Pickup 2-Door,5.7L 345Cu. In. V8 GAS OHV Naturally Aspirated
GRH 641128B,2008,Dodge,Ram 2500,ST Crew Cab Pickup 4-Door,5.7L 345Cu. In. V8 GAS OHV Naturally Aspirated
GRH 641128B,2008,Dodge,Ram 2500,SLT Crew Cab Pickup 4-Door,5.7L 345Cu. In. V8 GAS OHV Naturally Aspirated
GRH 641128B,2008,Dodge,Ram 2500,SXT Extended Crew Cab Pickup 4-Door,5.7L 345Cu. In. V8 GAS OHV Naturally Aspirated
GRH 641128B,2008,Dodge,Ram 2500,ST Crew Cab Pickup 4-Door,6.7L 408Cu. In. l6 DIESEL OHV Turbocharged
GRH 641128B,2008,Dodge,Ram 2500,ST Standard Cab Pickup 2-Door,6.7L 408Cu. In. l6 DIESEL OHV Turbocharged
GRH 641128B,2008,Dodge,Ram 2500,Laramie Extended Crew Cab Pickup 4-Door,6.7L 408Cu. In. l6 DIESEL OHV Turbocharged
GRH 641128B,2008,Dodge,Ram 2500,Laramie Crew Cab Pickup 4-Door,5.7L 345Cu. In. V8 GAS OHV Naturally Aspirated
GRH 641128B,2008,Dodge,Ram 2500,Laramie Extended Crew Cab Pickup 4-Door,5.7L 345Cu. In. V8 GAS OHV Naturally Aspirated
GRH 641128B,2008,Dodge,Ram 2500,Laramie Crew Cab Pickup 4-Door,5.9L 359Cu. In. l6 DIESEL OHV Turbocharged
GRH 641128B,2008,Dodge,Ram 2500,SLT Crew Cab Pickup 4-Door,6.7L 408Cu. In. l6 DIESEL OHV Turbocharged
GRH 641128B,2008,Dodge,Ram 2500,SLT Sport Standard Cab Pickup 2-Door,5.9L 359Cu. In. l6 DIESEL OHV Turbocharged
GRH 641128B,2008,Dodge,Ram 2500,Power Wagon Standard Cab Pickup 2-Door,5.7L 345Cu. In. V8 GAS OHV Naturally Aspirated
GRH 641128B,2008,Dodge,Ram 2500,SXT Crew Cab Pickup 4-Door,5.7L 345Cu. In. V8 GAS OHV Naturally Aspirated
GRH 641128B,2008,Dodge,Ram 2500,ST Standard Cab Pickup 2-Door,5.7L 345Cu. In. V8 GAS OHV Naturally Aspirated
GRH 641128B,2008,Dodge,Ram 2500,SLT Crew Cab Pickup 4-Door,5.9L 359Cu. In. l6 DIESEL OHV Turbocharged
GRH 641128B,2008,Dodge,Ram 2500,ST Crew Cab Pickup 4-Door,5.9L 359Cu. In. l6 DIESEL OHV Turbocharged
GRH 641128B,2008,Dodge,Ram 2500,SLT Extended Crew Cab Pickup 4-Door,6.7L 408Cu. In. l6 DIESEL OHV Turbocharged
GRH 641128B,2008,Dodge,Ram 2500,SXT Extended Crew Cab Pickup 4-Door,6.7L 408Cu. In. l6 DIESEL OHV Turbocharged
GRH 641128B,2008,Dodge,Ram 2500,SLT Big Horn Standard Cab Pickup 2-Door,5.9L 359Cu. In. l6 DIESEL OHV Turbocharged
GRH 641128B,2008,Dodge,Ram 2500,SLT Standard Cab Pickup 2-Door,6.7L 408Cu. In. l6 DIESEL OHV Turbocharged
GRH 641128B,2008,Dodge,Ram 2500,Laramie Crew Cab Pickup 4-Door,6.7L 408Cu. In. l6 DIESEL OHV Turbocharged
GRH 641128B,2008,Dodge,Ram 2500,SXT Standard Cab Pickup 2-Door,6.7L 408Cu. In. l6 DIESEL OHV Turbocharged
GRH 641128B,2008,Dodge,Ram 2500,SLT Standard Cab Pickup 2-Door,5.7L 345Cu. In. V8 GAS OHV Naturally Aspirated
GRH 641128B,2008,Dodge,Ram 3500,SLT Extended Crew Cab Pickup 4-Door,6.7L 408Cu. In. l6 DIESEL OHV Turbocharged
GRH 641128B,2006,Dodge,Ram 3500,Sport Cab & Chassis 4-Door,5.7L 345Cu. In. V8 GAS OHV Naturally Aspirated
GRH 641128B,2008,Dodge,Ram 3500,ST Crew Cab Pickup 4-Door,6.7L 408Cu. In. l6 DIESEL OHV Turbocharged
GRH 641128B,2006,Dodge,Ram 3500,ST Standard Cab Pickup 2-Door,5.9L 359Cu. In. l6 DIESEL OHV Turbocharged
GRH 641128B,2007,Dodge,Ram 3500,Sport Standard Cab Pickup 2-Door,5.9L 359Cu. In. l6 DIESEL OHV Turbocharged
GRH 641128B,2007,Dodge,Ram 3500,ST Cab & Chassis 4-Door,5.9L 359Cu. In. l6 DIESEL OHV Turbocharged
GRH 641128B,2008,Dodge,Ram 3500,ST Standard Cab Pickup 2-Door,5.7L 345Cu. In. V8 GAS OHV Naturally Aspirated
GRH 641128B,2007,Dodge,Ram 3500,SLT Standard Cab Pickup 2-Door,5.9L 359Cu. In. l6 DIESEL OHV Turbocharged
GRH 641128B,2007,Dodge,Ram 3500,SLT Cab & Chassis 2-Door,5.7L 345Cu. In. V8 GAS OHV Naturally Aspirated
GRH 641128B,2007,Dodge,Ram 3500,SLT Cab & Chassis 4-Door,5.7L 345Cu. In. V8 GAS OHV Naturally Aspirated
GRH 641128B,2008,Dodge,Ram 3500,SXT Standard Cab Pickup 2-Door,5.7L 345Cu. In. V8 GAS OHV Naturally Aspirated
GRH 641128B,2006,Dodge,Ram 3500,Sport Crew Cab Pickup 4-Door,5.9L 359Cu. In. l6 DIESEL OHV Turbocharged
GRH 641128B,2006,Dodge,Ram 3500,ST Crew Cab Pickup 4-Door,5.7L 345Cu. In. V8 GAS OHV Naturally Aspirated
GRH 641128B,2007,Dodge,Ram 3500,ST Standard Cab Pickup 2-Door,5.9L 359Cu. In. l6 DIESEL OHV Turbocharged
GRH 641128B,2006,Dodge,Ram 3500,SLT Extended Crew Cab Pickup 4-Door,5.9L 359Cu. In. l6 DIESEL OHV Turbocharged
GRH 641128B,2006,Dodge,Ram 3500,Laramie Standard Cab Pickup 2-Door,5.7L 345Cu. In. V8 GAS OHV Naturally Aspirated
GRH 641128B,2007,Dodge,Ram 3500,ST Cab & Chassis 2-Door,5.9L 359Cu. In. l6 DIESEL OHV Turbocharged
GRH 641128B,2008,Dodge,Ram 3500,ST Cab & Chassis 2-Door,5.9L 359Cu. In. l6 DIESEL OHV Turbocharged
GRH 641128B,2007,Dodge,Ram 3500,SLT Extended Crew Cab Pickup 4-Door,5.7L 345Cu. In. V8 GAS OHV Naturally Aspirated
GRH 641128B,2008,Dodge,Ram 3500,ST Standard Cab Pickup 2-Door,6.7L 408Cu. In. l6 DIESEL OHV Turbocharged
GRH 641128B,2007,Dodge,Ram 3500,Laramie Extended Crew Cab Pickup 4-Door,5.7L 345Cu. In. V8 GAS OHV Naturally Aspirated
GRH 641128B,2007,Dodge,Ram 3500,Sport Crew Cab Pickup 4-Door,5.7L 345Cu. In. V8 GAS OHV Naturally Aspirated
GRH 641128B,2007,Dodge,Ram 3500,Sport Crew Cab Pickup 4-Door,5.9L 359Cu. In. l6 DIESEL OHV Turbocharged
GRH 641128B,2008,Dodge,Ram 3500,SLT Cab & Chassis 2-Door,6.7L 408Cu. In. l6 DIESEL OHV Turbocharged
GRH 641128B,2008,Dodge,Ram 3500,Laramie Extended Crew Cab Pickup 4-Door,5.7L 345Cu. In. V8 GAS OHV Naturally Aspirated
GRH 641128B,2006,Dodge,Ram 3500,Laramie Extended Crew Cab Pickup 4-Door,5.7L 345Cu. In. V8 GAS OHV Naturally Aspirated
GRH 641128B,2008,Dodge,Ram 3500,ST Cab & Chassis 4-Door,5.9L 359Cu. In. l6 DIESEL OHV Turbocharged
GRH 641128B,2008,Dodge,Ram 3500,SXT Crew Cab Pickup 4-Door,6.7L 408Cu. In. l6 DIESEL OHV Turbocharged
GRH 641128B,2007,Dodge,Ram 3500,Sport Standard Cab Pickup 2-Door,6.7L 408Cu. In. l6 DIESEL OHV Turbocharged
GRH 641128B,2006,Dodge,Ram 3500,Sport Standard Cab Pickup 2-Door,5.7L 345Cu. In. V8 GAS OHV Naturally Aspirated
GRH 641128B,2006,Dodge,Ram 3500,SLT Cab & Chassis 4-Door,5.9L 359Cu. In. l6 DIESEL OHV Turbocharged
GRH 641128B,2008,Dodge,Ram 3500,SXT Extended Crew Cab Pickup 4-Door,5.7L 345Cu. In. V8 GAS OHV Naturally Aspirated
GRH 641128B,2007,Dodge,Ram 3500,Sport Cab & Chassis 2-Door,6.7L 408Cu. In. l6 DIESEL OHV Turbocharged
GRH 641128B,2007,Dodge,Ram 3500,SLT Extended Crew Cab Pickup 4-Door,6.7L 408Cu. In. l6 DIESEL OHV Turbocharged
GRH 641128B,2006,Dodge,Ram 3500,SLT Cab & Chassis 4-Door,5.7L 345Cu. In. V8 GAS OHV Naturally Aspirated
GRH 641128B,2008,Dodge,Ram 3500,SXT Extended Crew Cab Pickup 4-Door,6.7L 408Cu. In. l6 DIESEL OHV Turbocharged
GRH 641128B,2008,Dodge,Ram 3500,ST Crew Cab Pickup 4-Door,5.9L 359Cu. In. l6 DIESEL OHV Turbocharged
GRH 641128B,2008,Dodge,Ram 3500,SXT Standard Cab Pickup 2-Door,6.7L 408Cu. In. l6 DIESEL OHV Turbocharged
GRH 641128B,2007,Dodge,Ram 3500,SLT Standard Cab Pickup 2-Door,6.7L 408Cu. In. l6 DIESEL OHV Turbocharged
GRH 641128B,2007,Dodge,Ram 3500,Sport Crew Cab Pickup 4-Door,6.7L 408Cu. In. l6 DIESEL OHV Turbocharged
GRH 641128B,2006,Dodge,Ram 3500,ST Cab & Chassis 4-Door,5.7L 345Cu. In. V8 GAS OHV Naturally Aspirated
GRH 641128B,2006,Dodge,Ram 3500,ST Cab & Chassis 2-Door,5.7L 345Cu. In. V8 GAS OHV Naturally Aspirated
GRH 641128B,2006,Dodge,Ram 3500,Sport Cab & Chassis 2-Door,5.7L 345Cu. In. V8 GAS OHV Naturally Aspirated
GRH 641128B,2008,Dodge,Ram 3500,Laramie Crew Cab Pickup 4-Door,5.7L 345Cu. In. V8 GAS OHV Naturally Aspirated
GRH 641128B,2008,Dodge,Ram 3500,Laramie Extended Crew Cab Pickup 4-Door,6.7L 408Cu. In. l6 DIESEL OHV Turbocharged
GRH 641128B,2006,Dodge,Ram 3500,Laramie Cab & Chassis 4-Door,5.7L 345Cu. In. V8 GAS OHV Naturally Aspirated
GRH 641128B,2007,Dodge,Ram 3500,Sport Cab & Chassis 4-Door,5.7L 345Cu. In. V8 GAS OHV Naturally Aspirated
GRH 641128B,2006,Dodge,Ram 3500,Laramie Cab & Chassis 2-Door,5.9L 359Cu. In. l6 DIESEL OHV Turbocharged
GRH 641128B,2006,Dodge,Ram 3500,Sport Crew Cab Pickup 4-Door,5.7L 345Cu. In. V8 GAS OHV Naturally Aspirated
GRH 641128B,2007,Dodge,Ram 3500,ST Cab & Chassis 4-Door,5.7L 345Cu. In. V8 GAS OHV Naturally Aspirated
GRH 641128B,2006,Dodge,Ram 3500,SLT Extended Crew Cab Pickup 4-Door,5.7L 345Cu. In. V8 GAS OHV Naturally Aspirated
GRH 641128B,2006,Dodge,Ram 3500,SLT Cab & Chassis 2-Door,5.7L 345Cu. In. V8 GAS OHV Naturally Aspirated
GRH 641128B,2008,Dodge,Ram 3500,SLT Extended Crew Cab Pickup 4-Door,5.7L 345Cu. In. V8 GAS OHV Naturally Aspirated
GRH 641128B,2007,Dodge,Ram 3500,Laramie Crew Cab Pickup 4-Door,5.7L 345Cu. In. V8 GAS OHV Naturally Aspirated
GRH 641128B,2008,Dodge,Ram 3500,Laramie Cab & Chassis 4-Door,6.7L 408Cu. In. l6 DIESEL OHV Turbocharged
GRH 641128B,2008,Dodge,Ram 3500,ST Cab & Chassis 4-Door,6.7L 408Cu. In. l6 DIESEL OHV Turbocharged
GRH 641128B,2008,Dodge,Ram 3500,ST Crew Cab Pickup 4-Door,5.7L 345Cu. In. V8 GAS OHV Naturally Aspirated
GRH 641128B,2008,Dodge,Ram 3500,Laramie Cab & Chassis 2-Door,6.7L 408Cu. In. l6 DIESEL OHV Turbocharged
GRH 641128B,2007,Dodge,Ram 3500,SLT Extended Crew Cab Pickup 4-Door,5.9L 359Cu. In. l6 DIESEL OHV Turbocharged
GRH 641128B,2007,Dodge,Ram 3500,Laramie Crew Cab Pickup 4-Door,6.7L 408Cu. In. l6 DIESEL OHV Turbocharged
GRH 641128B,2006,Dodge,Ram 3500,ST Crew Cab Pickup 4-Door,5.9L 359Cu. In. l6 DIESEL OHV Turbocharged
GRH 641128B,2007,Dodge,Ram 3500,SLT Crew Cab Pickup 4-Door,6.7L 408Cu. In. l6 DIESEL OHV Turbocharged
GRH 641128B,2008,Dodge,Ram 3500,SLT Standard Cab Pickup 2-Door,6.7L 408Cu. In. l6 DIESEL OHV Turbocharged
GRH 641128B,2006,Dodge,Ram 3500,SLT Crew Cab Pickup 4-Door,5.9L 359Cu. In. l6 DIESEL OHV Turbocharged
GRH 641128B,2006,Dodge,Ram 3500,SLT Standard Cab Pickup 2-Door,5.9L 359Cu. In. l6 DIESEL OHV Turbocharged
GRH 641128B,2007,Dodge,Ram 3500,Sport Cab & Chassis 4-Door,6.7L 408Cu. In. l6 DIESEL OHV Turbocharged
GRH 641128B,2007,Dodge,Ram 3500,SLT Cab & Chassis 2-Door,6.7L 408Cu. In. l6 DIESEL OHV Turbocharged
GRH 641128B,2007,Dodge,Ram 3500,SLT Cab & Chassis 4-Door,6.7L 408Cu. In. l6 DIESEL OHV Turbocharged
GRH 641128B,2007,Dodge,Ram 3500,Sport Cab & Chassis 2-Door,5.7L 345Cu. In. V8 GAS OHV Naturally Aspirated
GRH 641128B,2007,Dodge,Ram 3500,ST Cab & Chassis 4-Door,6.7L 408Cu. In. l6 DIESEL OHV Turbocharged
GRH 641128B,2006,Dodge,Ram 3500,Laramie Cab & Chassis 2-Door,5.7L 345Cu. In. V8 GAS OHV Naturally Aspirated
GRH 641128B,2008,Dodge,Ram 3500,SLT Cab & Chassis 2-Door,5.7L 345Cu. In. V8 GAS OHV Naturally Aspirated
GRH 641128B,2008,Dodge,Ram 3500,ST Standard Cab Pickup 2-Door,5.9L 359Cu. In. l6 DIESEL OHV Turbocharged
GRH 641128B,2008,Dodge,Ram 3500,Laramie Cab & Chassis 4-Door,5.7L 345Cu. In. V8 GAS OHV Naturally Aspirated
GRH 641128B,2008,Dodge,Ram 3500,ST Cab & Chassis 2-Door,6.7L 408Cu. In. l6 DIESEL OHV Turbocharged
GRH 641128B,2006,Dodge,Ram 3500,Laramie Extended Crew Cab Pickup 4-Door,5.9L 359Cu. In. l6 DIESEL OHV Turbocharged
GRH 641128B,2006,Dodge,Ram 3500,Sport Cab & Chassis 4-Door,5.9L 359Cu. In. l6 DIESEL OHV Turbocharged
GRH 641128B,2008,Dodge,Ram 3500,SXT Crew Cab Pickup 4-Door,5.7L 345Cu. In. V8 GAS OHV Naturally Aspirated
GRH 641128B,2008,Dodge,Ram 3500,ST Cab & Chassis 2-Door,5.7L 345Cu. In. V8 GAS OHV Naturally Aspirated
GRH 641128B,2006,Dodge,Ram 3500,Laramie Standard Cab Pickup 2-Door,5.9L 359Cu. In. l6 DIESEL OHV Turbocharged
GRH 641128B,2007,Dodge,Ram 3500,Sport Cab & Chassis 2-Door,5.9L 359Cu. In. l6 DIESEL OHV Turbocharged
GRH 641128B,2006,Dodge,Ram 3500,SLT Standard Cab Pickup 2-Door,5.7L 345Cu. In. V8 GAS OHV Naturally Aspirated
GRH 641128B,2006,Dodge,Ram 3500,SLT Cab & Chassis 2-Door,5.9L 359Cu. In. l6 DIESEL OHV Turbocharged
GRH 641128B,2008,Dodge,Ram 3500,Laramie Cab & Chassis 2-Door,5.7L 345Cu. In. V8 GAS OHV Naturally Aspirated
GRH 641128B,2006,Dodge,Ram 3500,ST Cab & Chassis 4-Door,5.9L 359Cu. In. l6 DIESEL OHV Turbocharged
GRH 641128B,2008,Dodge,Ram 3500,ST Cab & Chassis 4-Door,5.7L 345Cu. In. V8 GAS OHV Naturally Aspirated
GRH 641128B,2007,Dodge,Ram 3500,Laramie Crew Cab Pickup 4-Door,5.9L 359Cu. In. l6 DIESEL OHV Turbocharged
GRH 641128B,2007,Dodge,Ram 3500,ST Cab & Chassis 2-Door,5.7L 345Cu. In. V8 GAS OHV Naturally Aspirated
GRH 641128B,2006,Dodge,Ram 3500,Sport Standard Cab Pickup 2-Door,5.9L 359Cu. In. l6 DIESEL OHV Turbocharged
GRH 641128B,2008,Dodge,Ram 3500,SLT Crew Cab Pickup 4-Door,5.7L 345Cu. In. V8 GAS OHV Naturally Aspirated
GRH 641128B,2007,Dodge,Ram 3500,Laramie Extended Crew Cab Pickup 4-Door,6.7L 408Cu. In. l6 DIESEL OHV Turbocharged
GRH 641128B,2006,Dodge,Ram 3500,ST Cab & Chassis 2-Door,5.9L 359Cu. In. l6 DIESEL OHV Turbocharged
GRH 641128B,2007,Dodge,Ram 3500,ST Crew Cab Pickup 4-Door,5.7L 345Cu. In. V8 GAS OHV Naturally Aspirated
GRH 641128B,2006,Dodge,Ram 3500,Laramie Cab & Chassis 4-Door,5.9L 359Cu. In. l6 DIESEL OHV Turbocharged
GRH 641128B,2007,Dodge,Ram 3500,ST Cab & Chassis 2-Door,6.7L 408Cu. In. l6 DIESEL OHV Turbocharged
GRH 641128B,2008,Dodge,Ram 3500,SLT Cab & Chassis 4-Door,6.7L 408Cu. In. l6 DIESEL OHV Turbocharged
GRH 641128B,2007,Dodge,Ram 3500,ST Crew Cab Pickup 4-Door,6.7L 408Cu. In. l6 DIESEL OHV Turbocharged
GRH 641128B,2007,Dodge,Ram 3500,Sport Standard Cab Pickup 2-Door,5.7L 345Cu. In. V8 GAS OHV Naturally Aspirated
GRH 641128B,2007,Dodge,Ram 3500,Sport Cab & Chassis 4-Door,5.9L 359Cu. In. l6 DIESEL OHV Turbocharged
GRH 641128B,2007,Dodge,Ram 3500,ST Standard Cab Pickup 2-Door,5.7L 345Cu. In. V8 GAS OHV Naturally Aspirated
GRH 641128B,2008,Dodge,Ram 3500,SLT Crew Cab Pickup 4-Door,6.7L 408Cu. In. l6 DIESEL OHV Turbocharged
GRH 641128B,2006,Dodge,Ram 3500,Sport Cab & Chassis 2-Door,5.9L 359Cu. In. l6 DIESEL OHV Turbocharged
GRH 641128B,2007,Dodge,Ram 3500,ST Crew Cab Pickup 4-Door,5.9L 359Cu. In. l6 DIESEL OHV Turbocharged
GRH 641128B,2007,Dodge,Ram 3500,ST Standard Cab Pickup 2-Door,6.7L 408Cu. In. l6 DIESEL OHV Turbocharged
GRH 641128B,2008,Dodge,Ram 3500,Laramie Crew Cab Pickup 4-Door,6.7L 408Cu. In. l6 DIESEL OHV Turbocharged
GRH 641128B,2006,Dodge,Ram 3500,SLT Crew Cab Pickup 4-Door,5.7L 345Cu. In. V8 GAS OHV Naturally Aspirated
GRH 641128B,2007,Dodge,Ram 3500,Laramie Extended Crew Cab Pickup 4-Door,5.9L 359Cu. In. l6 DIESEL OHV Turbocharged
GRH 641128B,2007,Dodge,Ram 3500,SLT Cab & Chassis 2-Door,5.9L 359Cu. In. l6 DIESEL OHV Turbocharged
GRH 641128B,2007,Dodge,Ram 3500,SLT Crew Cab Pickup 4-Door,5.7L 345Cu. In. V8 GAS OHV Naturally Aspirated
GRH 641128B,2008,Dodge,Ram 3500,SLT Cab & Chassis 4-Door,5.7L 345Cu. In. V8 GAS OHV Naturally Aspirated
GRH 641128B,2007,Dodge,Ram 3500,SLT Standard Cab Pickup 2-Door,5.7L 345Cu. In. V8 GAS OHV Naturally Aspirated
GRH 641128B,2006,Dodge,Ram 3500,Laramie Crew Cab Pickup 4-Door,5.9L 359Cu. In. l6 DIESEL OHV Turbocharged
GRH 641128B,2006,Dodge,Ram 3500,Laramie Crew Cab Pickup 4-Door,5.7L 345Cu. In. V8 GAS OHV Naturally Aspirated
GRH 641128B,2008,Dodge,Ram 3500,SLT Standard Cab Pickup 2-Door,5.7L 345Cu. In. V8 GAS OHV Naturally Aspirated
GRH 641128B,2006,Dodge,Ram 3500,ST Standard Cab Pickup 2-Door,5.7L 345Cu. In. V8 GAS OHV Naturally Aspirated
GRH 641128B,2007,Dodge,Ram 3500,SLT Crew Cab Pickup 4-Door,5.9L 359Cu. In. l6 DIESEL OHV Turbocharged
GRH 641128B,2007,Dodge,Ram 3500,TRX4 Crew Cab Pickup 4-Door,5.9L 359Cu. In. l6 DIESEL OHV Turbocharged
GRH 641128B,2007,Dodge,Ram 3500,SLT Cab & Chassis 4-Door,5.9L 359Cu. In. l6 DIESEL OHV Turbocharged
